Workbook

Sheet ORDERS
A1: Order_ID | B1: ORDER_DATE (CLEAN) | C1: CUSTOMER_ID(CLEAN) | D1: Product_ID | E1: QUANTITY(CLEAN) | F1: DISCOUNT(CLEAN)
A2: 1001 | B2: 45292 | C2: C001 | D2: P101 | E2: 1 | F2: 0
A3: 1002 | B3: 45323 | C3: C002 | D3: P102 | E3: 10 | F3: 10
A4: 1003 | B4: 46020 | C4: C003 | D4: P103 | E4: 5 | F4: 5
A5: 1004 | B5: 45383 | C5: C004 | D5: P104 | E5: 1 | F5: 0
A6: 1005 | B6: 45413 | C6: C005 | D6: P101 | E6: 15 | F6: 15
A7: 1006 | B7: 45444 | C7: C002 | D7: P105 | E7: 1 | F7: 0
A8: 1007 | B8: 46020 | C8: UNKNOWN | D8: P103 | E8: 5 | F8: 5
A9: 1008 | B9: 45505 | C9: C006 | D9: P102 | E9: 1 | F9: 0
A10: 1009 | B10: 45536 | C10: C003 | D10: P101 | E10: 10 | F10: 10
A11: 1010 | B11: 45566 | C11: C007 | D11: P104 | E11: 1 | F11: 0

Sheet CUSTOMERS
A1: Customer_ID | B1: Customer_Name | C1: City | D1: Segment
A2: C001 | B2: Rahul | C2: Chennai | D2: Retail
A3: C002 | B3: Sneha | C3: Bangalore | D3: Corporate
A4: C003 | B4: Amit | C4: Mumbai | D4: Retail
A5: C004 | B5: Neha | C5: Delhi | D5: Corporate
A6: C005 | B6: Arjun | C6: Hyderabad | D6: Retail
A7: C006 | B7: Priya | C7: Pune | D7: Corporate
A8: C007 | B8: Karthik | C8: Chennai | D8: Retail

Sheet PRODUCTS
A1: Product_ID | B1: Product_Name | C1: Category | D1: Price
A2: P101 | B2: Laptop | C2: Electronics | D2: 50000
A3: P102 | B3: Smartphone | C3: Electronics | D3: 20000
A4: P103 | B4: Office Chair | C4: Furniture | D4: 5000
A5: P104 | B5: Desk | C5: Furniture | D5: 12000
A6: P105 | B6: Headphones | C6: Accessories | D6: 3000

Sheet WORKING TABLE
A1: Order_ID | B1: Date | C1: Customer_Name | D1: City | E1: Segment | F1: Product | G1: Category | H1: Qty | I1: Price | J1: Discount | K1: Sales
A2: 1004 | B2: 45383 | C2: =_xlfn.XLOOKUP(ORDERS!C:C,CUSTOMERS!A:A,CUSTOMERS!B:B,"UNKNOWN") -> Rahul | D2: =TRIM(_xlfn.XLOOKUP(ORDERS!C:C,CUSTOMERS!A:A,CUSTOMERS!C:C,"UNKNOWN")) -> Chennai | E2: =_xlfn.XLOOKUP(ORDERS!C:C,CUSTOMERS!A:A,CUSTOMERS!D:D,"UNKNOWN") -> Retail | F2: =_xlfn.XLOOKUP(ORDERS!D:D,PRODUCTS!A:A,PRODUCTS!B:B,) -> Laptop | G2: =_xlfn.XLOOKUP(ORDERS!D:D,PRODUCTS!A:A,PRODUCTS!C:C,"UNKNOWN") -> Electronics | H2: 1 | I2: =IFERROR(_xlfn.XLOOKUP(ORDERS!D:D,PRODUCTS!A:A,PRODUCTS!D:D,"UNKNOWN"),"UNKNOWN") -> 50000 | J2: =_xlfn.XLOOKUP(A:A,ORDERS!A:A,ORDERS!F:F,"UNKNOWN") -> 0 | K2: =SUM(H2*I2*(1-J2/100)) -> 50000
A3: 1010 | B3: 45566 | C3: =_xlfn.XLOOKUP(ORDERS!C:C,CUSTOMERS!A:A,CUSTOMERS!B:B,"UNKNOWN") -> Sneha | D3: =TRIM(_xlfn.XLOOKUP(ORDERS!C:C,CUSTOMERS!A:A,CUSTOMERS!C:C,"UNKNOWN")) -> Bangalore | E3: =_xlfn.XLOOKUP(ORDERS!C:C,CUSTOMERS!A:A,CUSTOMERS!D:D,"UNKNOWN") -> Corporate | F3: =_xlfn.XLOOKUP(ORDERS!D:D,PRODUCTS!A:A,PRODUCTS!B:B,) -> Smartphone | G3: =_xlfn.XLOOKUP(ORDERS!D:D,PRODUCTS!A:A,PRODUCTS!C:C,"UNKNOWN") -> Electronics | H3: 1 | I3: =IFERROR(_xlfn.XLOOKUP(ORDERS!D:D,PRODUCTS!A:A,PRODUCTS!D:D,"UNKNOWN"),"UNKNOWN") -> 20000 | J3: =_xlfn.XLOOKUP(A:A,ORDERS!A:A,ORDERS!F:F,"UNKNOWN") -> 0 | K3: =SUM(H3*I3*(1-J3/100)) -> 20000
A4: 1008 | B4: 45505 | C4: =_xlfn.XLOOKUP(ORDERS!C:C,CUSTOMERS!A:A,CUSTOMERS!B:B,"UNKNOWN") -> Amit | D4: =TRIM(_xlfn.XLOOKUP(ORDERS!C:C,CUSTOMERS!A:A,CUSTOMERS!C:C,"UNKNOWN")) -> Mumbai | E4: =_xlfn.XLOOKUP(ORDERS!C:C,CUSTOMERS!A:A,CUSTOMERS!D:D,"UNKNOWN") -> Retail | F4: =_xlfn.XLOOKUP(ORDERS!D:D,PRODUCTS!A:A,PRODUCTS!B:B,) -> Office Chair | G4: =_xlfn.XLOOKUP(ORDERS!D:D,PRODUCTS!A:A,PRODUCTS!C:C,"UNKNOWN") -> Furniture | H4: 1 | I4: =IFERROR(_xlfn.XLOOKUP(ORDERS!D:D,PRODUCTS!A:A,PRODUCTS!D:D,"UNKNOWN"),"UNKNOWN") -> 5000 | J4: =_xlfn.XLOOKUP(A:A,ORDERS!A:A,ORDERS!F:F,"UNKNOWN") -> 0 | K4: =SUM(H4*I4*(1-J4/100)) -> 5000
A5: 1001 | B5: 45292 | C5: =_xlfn.XLOOKUP(ORDERS!C:C,CUSTOMERS!A:A,CUSTOMERS!B:B,"UNKNOWN") -> Neha | D5: =TRIM(_xlfn.XLOOKUP(ORDERS!C:C,CUSTOMERS!A:A,CUSTOMERS!C:C,"UNKNOWN")) -> Delhi | E5: =_xlfn.XLOOKUP(ORDERS!C:C,CUSTOMERS!A:A,CUSTOMERS!D:D,"UNKNOWN") -> Corporate | F5: =_xlfn.XLOOKUP(ORDERS!D:D,PRODUCTS!A:A,PRODUCTS!B:B,) -> Desk | G5: =_xlfn.XLOOKUP(ORDERS!D:D,PRODUCTS!A:A,PRODUCTS!C:C,"UNKNOWN") -> Furniture | H5: 1 | I5: =IFERROR(_xlfn.XLOOKUP(ORDERS!D:D,PRODUCTS!A:A,PRODUCTS!D:D,"UNKNOWN"),"UNKNOWN") -> 12000 | J5: =_xlfn.XLOOKUP(A:A,ORDERS!A:A,ORDERS!F:F,"UNKNOWN") -> 0 | K5: =SUM(H5*I5*(1-J5/100)) -> 12000
A6: 1007 | B6: 46020 | C6: =_xlfn.XLOOKUP(ORDERS!C:C,CUSTOMERS!A:A,CUSTOMERS!B:B,"UNKNOWN") -> Arjun | D6: =TRIM(_xlfn.XLOOKUP(ORDERS!C:C,CUSTOMERS!A:A,CUSTOMERS!C:C,"UNKNOWN")) -> Hyderabad | E6: =_xlfn.XLOOKUP(ORDERS!C:C,CUSTOMERS!A:A,CUSTOMERS!D:D,"UNKNOWN") -> Retail | F6: =_xlfn.XLOOKUP(ORDERS!D:D,PRODUCTS!A:A,PRODUCTS!B:B,) -> Laptop | G6: =_xlfn.XLOOKUP(ORDERS!D:D,PRODUCTS!A:A,PRODUCTS!C:C,"UNKNOWN") -> Electronics | H6: 5 | I6: =IFERROR(_xlfn.XLOOKUP(ORDERS!D:D,PRODUCTS!A:A,PRODUCTS!D:D,"UNKNOWN"),"UNKNOWN") -> 50000 | J6: =_xlfn.XLOOKUP(A:A,ORDERS!A:A,ORDERS!F:F,"UNKNOWN") -> 5 | K6: =SUM(H6*I6*(1-J6/100)) -> 237500
A7: 1009 | B7: 45536 | C7: =_xlfn.XLOOKUP(ORDERS!C:C,CUSTOMERS!A:A,CUSTOMERS!B:B,"UNKNOWN") -> Sneha | D7: =TRIM(_xlfn.XLOOKUP(ORDERS!C:C,CUSTOMERS!A:A,CUSTOMERS!C:C,"UNKNOWN")) -> Bangalore | E7: =_xlfn.XLOOKUP(ORDERS!C:C,CUSTOMERS!A:A,CUSTOMERS!D:D,"UNKNOWN") -> Corporate | F7: =_xlfn.XLOOKUP(ORDERS!D:D,PRODUCTS!A:A,PRODUCTS!B:B,) -> Headphones | G7: =_xlfn.XLOOKUP(ORDERS!D:D,PRODUCTS!A:A,PRODUCTS!C:C,"UNKNOWN") -> Accessories | H7: 10 | I7: =IFERROR(_xlfn.XLOOKUP(ORDERS!D:D,PRODUCTS!A:A,PRODUCTS!D:D,"UNKNOWN"),"UNKNOWN") -> 3000 | J7: =_xlfn.XLOOKUP(A:A,ORDERS!A:A,ORDERS!F:F,"UNKNOWN") -> 10 | K7: =SUM(H7*I7*(1-J7/100)) -> 27000
A8: 1006 | B8: 45444 | C8: =_xlfn.XLOOKUP(ORDERS!C:C,CUSTOMERS!A:A,CUSTOMERS!B:B,"UNKNOWN") -> UNKNOWN | D8: =TRIM(_xlfn.XLOOKUP(ORDERS!C:C,CUSTOMERS!A:A,CUSTOMERS!C:C,"UNKNOWN")) -> UNKNOWN | E8: =_xlfn.XLOOKUP(ORDERS!C:C,CUSTOMERS!A:A,CUSTOMERS!D:D,"UNKNOWN") -> UNKNOWN | F8: =_xlfn.XLOOKUP(ORDERS!D:D,PRODUCTS!A:A,PRODUCTS!B:B,) -> Office Chair | G8: =_xlfn.XLOOKUP(ORDERS!D:D,PRODUCTS!A:A,PRODUCTS!C:C,"UNKNOWN") -> Furniture | H8: 1 | I8: =IFERROR(_xlfn.XLOOKUP(ORDERS!D:D,PRODUCTS!A:A,PRODUCTS!D:D,"UNKNOWN"),"UNKNOWN") -> 5000 | J8: =_xlfn.XLOOKUP(A:A,ORDERS!A:A,ORDERS!F:F,"UNKNOWN") -> 0 | K8: =SUM(H8*I8*(1-J8/100)) -> 5000
A9: 1003 | B9: 46020 | C9: =_xlfn.XLOOKUP(ORDERS!C:C,CUSTOMERS!A:A,CUSTOMERS!B:B,"UNKNOWN") -> Priya | D9: =TRIM(_xlfn.XLOOKUP(ORDERS!C:C,CUSTOMERS!A:A,CUSTOMERS!C:C,"UNKNOWN")) -> Pune | E9: =_xlfn.XLOOKUP(ORDERS!C:C,CUSTOMERS!A:A,CUSTOMERS!D:D,"UNKNOWN") -> Corporate | F9: =_xlfn.XLOOKUP(ORDERS!D:D,PRODUCTS!A:A,PRODUCTS!B:B,) -> Smartphone | G9: =_xlfn.XLOOKUP(ORDERS!D:D,PRODUCTS!A:A,PRODUCTS!C:C,"UNKNOWN") -> Electronics | H9: 5 | I9: =IFERROR(_xlfn.XLOOKUP(ORDERS!D:D,PRODUCTS!A:A,PRODUCTS!D:D,"UNKNOWN"),"UNKNOWN") -> 20000 | J9: =_xlfn.XLOOKUP(A:A,ORDERS!A:A,ORDERS!F:F,"UNKNOWN") -> 5 | K9: =SUM(H9*I9*(1-J9/100)) -> 95000
A10: 1002 | B10: 45323 | C10: =_xlfn.XLOOKUP(ORDERS!C:C,CUSTOMERS!A:A,CUSTOMERS!B:B,"UNKNOWN") -> Amit | D10: =TRIM(_xlfn.XLOOKUP(ORDERS!C:C,CUSTOMERS!A:A,CUSTOMERS!C:C,"UNKNOWN")) -> Mumbai | E10: =_xlfn.XLOOKUP(ORDERS!C:C,CUSTOMERS!A:A,CUSTOMERS!D:D,"UNKNOWN") -> Retail | F10: =_xlfn.XLOOKUP(ORDERS!D:D,PRODUCTS!A:A,PRODUCTS!B:B,) -> Laptop | G10: =_xlfn.XLOOKUP(ORDERS!D:D,PRODUCTS!A:A,PRODUCTS!C:C,"UNKNOWN") -> Electronics | H10: 10 | I10: =IFERROR(_xlfn.XLOOKUP(ORDERS!D:D,PRODUCTS!A:A,PRODUCTS!D:D,"UNKNOWN"),"UNKNOWN") -> 50000 | J10: =_xlfn.XLOOKUP(A:A,ORDERS!A:A,ORDERS!F:F,"UNKNOWN") -> 10 | K10: =SUM(H10*I10*(1-J10/100)) -> 450000
A11: 1005 | B11: 45413 | C11: =_xlfn.XLOOKUP(ORDERS!C:C,CUSTOMERS!A:A,CUSTOMERS!B:B,"UNKNOWN") -> Karthik | D11: =TRIM(_xlfn.XLOOKUP(ORDERS!C:C,CUSTOMERS!A:A,CUSTOMERS!C:C,"UNKNOWN")) -> Chennai | E11: =_xlfn.XLOOKUP(ORDERS!C:C,CUSTOMERS!A:A,CUSTOMERS!D:D,"UNKNOWN") -> Retail | F11: =_xlfn.XLOOKUP(ORDERS!D:D,PRODUCTS!A:A,PRODUCTS!B:B,) -> Desk | G11: =_xlfn.XLOOKUP(ORDERS!D:D,PRODUCTS!A:A,PRODUCTS!C:C,"UNKNOWN") -> Furniture | H11: 15 | I11: =IFERROR(_xlfn.XLOOKUP(ORDERS!D:D,PRODUCTS!A:A,PRODUCTS!D:D,"UNKNOWN"),"UNKNOWN") -> 12000 | J11: =_xlfn.XLOOKUP(A:A,ORDERS!A:A,ORDERS!F:F,"UNKNOWN") -> 15 | K11: =SUM(H11*I11*(1-J11/100)) -> 153000
B20: CHENNAI SALES | D20: CORPORATE SALES | F20: TOTAL SALES | H20: TOTAL ORDERS | J20: ELECTRONICS SALES | L20: ELECTRONICS ORDER COUNT
B21: =SUMIFS(K:K,D:D,"Chennai") -> 203000 | D21: =SUMIFS(K:K,E:E,"Corporate") -> 154000 | F21: =SUM(K:K) -> 1054500 | H21: =COUNT(A:A) -> 10 | J21: =SUMIFS(K:K,G:G,"Electronics") -> 852500 | L21: =COUNTIFS(G:G,"Electronics") -> 5

Sheet PIVOT TABLE
A1: Sum of Sales | B1: CITY | K1: CATEGORY | L1: Sum of Sales
A2: CATEGORY | B2: Bangalore | C2: Chennai | D2: Delhi | E2: Hyderabad | F2: Mumbai | G2: Pune | H2: UNKNOWN | I2: Grand Total | K2: Accessories | L2: 27000
A3: Accessories | B3: 27000 | I3: 27000 | K3: Electronics | L3: 852500
A4: Electronics | B4: 20000 | C4: 50000 | E4: 237500 | F4: 450000 | G4: 95000 | I4: 852500 | K4: Furniture | L4: 175000
A5: Furniture | C5: 153000 | D5: 12000 | F5: 5000 | H5: 5000 | I5: 175000 | K5: Grand Total | L5: 1054500
A6: Grand Total | B6: 47000 | C6: 203000 | D6: 12000 | E6: 237500 | F6: 455000 | G6: 95000 | H6: 5000 | I6: 1054500
A18: CITY | B18: Sum of Sales | J18: SEGMENT | K18: Sum of Sales
A19: Bangalore | B19: 47000 | J19: Corporate | K19: 0.14604078
A20: Chennai | B20: 203000 | J20: Retail | K20: 0.84921764
A21: Delhi | B21: 12000 | J21: UNKNOWN | K21: 0.0047415837
A22: Hyderabad | B22: 237500 | J22: Grand Total | K22: 1
A23: Mumbai | B23: 455000
A24: Pune | B24: 95000
A25: UNKNOWN | B25: 5000
A26: Grand Total | B26: 1054500
